,Unnamed: 0,"('Karte', None)","('Gemarkungs- schlüssel', None)","Name","('Fläche (ha)', None)","('Anzahl der Flurstücke', None)","('Eingemein- dungsjahr', None)","('Bild', None)","('Stadt-/Ortsteile', None)","('Zugehörigkeit', None)"
0,0,"('', '/wiki/Datei:Gemarkung_Altfranken_in_Dresden.svg')","('3001', None)","('Altfranken', '/wiki/Altfranken')","('128', None)","('735', None)","('1997', None)","('', '/wiki/Datei:Altfranken_3.jpg')","('Altfranken', '/wiki/Altfranken')","('Altfranken (Ortschaft)', '/wiki/Altfranken')"
1,1,"('', '/wiki/Datei:Gemarkung_Altstadt_I_in_Dresden.svg')","('0208', None)","('Altstadt I', '/wiki/Altstadt_(Gemarkungen)')","('419', None)","('1943', None)","('Stadtkern[1]', '#cite_note-1')","('', '/wiki/Datei:Panoramaansicht_der_Dresdener_Innenstadt.JPG')","('Innere Altstadt, Pirnaische Vorstadt, Seevorstadt, innere Wilsdruffer Vorstadt', '/wiki/Innere_Altstadt')","('Altstadt (Stadtbezirk)', '/wiki/Altstadt_(Stadtbezirk)')"
3,3,"('', '/wiki/Datei:Gemarkung_Blasewitz_in_Dresden.svg')","('0201', None)","('Blasewitz', '/wiki/Blasewitz')","('280', None)","('1479', None)","('1921', None)","('', '/wiki/Datei:Dresden-Schillergarten.jpg')","('Blasewitz, Neugruna', '/wiki/Blasewitz')","('Blasewitz (Stadtbezirk)', '/wiki/Blasewitz_(Stadtbezirk)')"
4,4,"('', '/wiki/Datei:Gemarkung_Borsberg_in_Dresden.svg')","('3007', None)","('Borsberg', '/wiki/Borsberg_(Dresden)')","('116', None)","('348', None)","('1999', None)","('', '/wiki/Datei:Borsberg.jpg')","('Borsberg', '/wiki/Borsberg_(Dresden)')","('Schönfeld-Weißig (Ortschaft)', '/wiki/Sch%C3%B6nfeld-Wei%C3%9Fig')"
5,5,"('', '/wiki/Datei:Gemarkung_Brabsch%C3%BCtz_in_Dresden.svg')","('3009', None)","('Brabschütz', '/wiki/Brabsch%C3%BCtz')","('168', None)","('336', None)","('1999', None)","('', '/wiki/Datei:Dresden_Brabsch%C3%BCtz_Dorfkern_1.jpg')","('Brabschütz', '/wiki/Brabsch%C3%BCtz')","('Mobschatz (Ortschaft)', '/wiki/Mobschatz_(Ortschaft)')"
6,6,"('', '/wiki/Datei:Gemarkung_Briesnitz_in_Dresden.svg')","('0202', None)","('Briesnitz', '/wiki/Briesnitz_(Dresden)')","('145', None)","('1028', None)","('1921', None)","('', '/wiki/Datei:Dresden_Briesnitz_Kirche_3.jpg')","('Briesnitz', '/wiki/Briesnitz_(Dresden)')","('Cotta (Stadtbezirk)', '/wiki/Cotta_(Stadtbezirk)')"
7,7,"('', '/wiki/Datei:Gemarkung_B%C3%BChlau_in_Dresden.svg')","('0203', None)","('Bühlau', '/wiki/B%C3%BChlau_(Dresden)')","('343', None)","('1809', None)","('1921', None)","('', '/wiki/Datei:Dresden-B%C3%BChlau_St.-Michaels-Kirche_2.JPG')","('Bühlau, Quohren', '/wiki/B%C3%BChlau_(Dresden)')","('Loschwitz (Stadtbezirk)', '/wiki/Loschwitz_(Stadtbezirk)')"
8,8,"('', '/wiki/Datei:Gemarkung_Cosch%C3%BCtz_in_Dresden.svg')","('0204', None)","('Coschütz', '/wiki/Cosch%C3%BCtz_(Dresden)')","('309', None)","('1274', None)","('1921', None)","('', '/wiki/Datei:Dresden-Cosch%C3%BCtz_Karlsruher_Stra%C3%9Fe.JPG')","('Coschütz', '/wiki/Cosch%C3%BCtz_(Dresden)')","('Plauen (Stadtbezirk)', '/wiki/Plauen_(Stadtbezirk)')"
9,9,"('', '/wiki/Datei:Gemarkung_Cossebaude_in_Dresden.svg')","('3014', None)","('Cossebaude', '/wiki/Cossebaude_(Ortsteil)')","('281', None)","('1611', None)","('1997', None)","('', '/wiki/Datei:Bismarckturm_Dresden-Cossebaude.jpg')","('Cossebaude, Neu-Leuteritz', '/wiki/Cossebaude_(Ortsteil)')","('Cossebaude (Ortschaft)', '/wiki/Cossebaude_(Ortschaft)')"
10,10,"('', '/wiki/Datei:Gemarkung_Cotta_in_Dresden.svg')","('0205', None)","('Cotta', '/wiki/Cotta_(Dresden)')","('158', None)","('1327', None)","('1903', None)","('', '/wiki/Datei:Rathaus_Cotta_001.jpg')","('Cotta', '/wiki/Cotta_(Dresden)')","('Cotta (Stadtbezirk)', '/wiki/Cotta_(Stadtbezirk)')"
11,11,"('', '/wiki/Datei:Gemarkung_Cunnersdorf_in_Dresden.svg')","('3018', None)","('Cunnersdorf', '/wiki/Cunnersdorf_(Dresden)')","('162', None)","('461', None)","('1999', None)","('', '/wiki/Datei:Cunnersdorf_1.jpg')","('Cunnersdorf', '/wiki/Cunnersdorf_(Dresden)')","('Schönfeld-Weißig (Ortschaft)', '/wiki/Sch%C3%B6nfeld-Wei%C3%9Fig')"
12,12,"('', '/wiki/Datei:Gemarkung_Dobritz_in_Dresden.svg')","('0206', None)","('Dobritz', '/wiki/Dobritz_(Dresden)')","('160', None)","('618', None)","('1921', None)","('', '/wiki/Datei:Dresden-Dobritz_Dorfplatz_Altdobritz_13-15_Sterlhaus_Nebengeb%C3%A4ude_Zwirnm%C3%BChle_Volksbad_Dreiseithof_20120409.jpg')","('Dobritz', '/wiki/Dobritz_(Dresden)')","('Blasewitz (Stadtbezirk), Leuben (Stadtbezirk), Prohlis (Stadtbezirk)', '/wiki/Blasewitz_(Stadtbezirk)')"
13,13,"('', '/wiki/Datei:Gemarkung_D%C3%B6lzschen_in_Dresden.svg')","('0207', None)","('Dölzschen', '/wiki/D%C3%B6lzschen')","('219', None)","('931', None)","('1945', None)","('', '/wiki/Datei:A17_Wei%C3%9Feritztalbruecke_Plauenscher_Grund.jpg')","('Dölzschen', '/wiki/D%C3%B6lzschen')","('Cotta (Stadtbezirk)', '/wiki/Cotta_(Stadtbezirk)')"
14,14,"('', '/wiki/Datei:Gemarkung_Dresdner_Heide_in_Dresden.svg')","('0211', None)","('Dresdner Heide', '/wiki/Dresdner_Heide')","('4890', None)","('386', None)","('1949', None)","('', '/wiki/Datei:Dresden-Priessnitzfall1.jpg')","('Dresdner Heide', '/wiki/Dresdner_Heide')","('Loschwitz (Stadtbezirk), Klotzsche (Stadtbezirk)', '/wiki/Loschwitz_(Stadtbezirk)')"
15,15,"('', '/wiki/Datei:Gemarkung_Eschdorf_in_Dresden.svg')","('3019', None)","('Eschdorf', '/wiki/Eschdorf_(Dresden)')","('765', None)","('881', None)","('1999', None)","('', '/wiki/Datei:Kirche_in_Eschdorf_(Dresden)_(cropped).jpg')","('Eschdorf, Rosinendörfchen', '/wiki/Eschdorf_(Dresden)')","('Schönfeld-Weißig (Ortschaft)', '/wiki/Sch%C3%B6nfeld-Wei%C3%9Fig')"
16,16,"('', '/wiki/Datei:Gemarkung_Friedrichstadt_in_Dresden.svg')","('0210', None)","('Friedrichstadt', '/wiki/Friedrichstadt_(Dresden)')","('641', None)","('1243', None)","('1836', None)","('', '/wiki/Datei:Dresden_Yenidze2.jpg')","('Friedrichstadt', '/wiki/Friedrichstadt_(Dresden)')","('Altstadt (Stadtbezirk), Cotta (Stadtbezirk)', '/wiki/Altstadt_(Stadtbezirk)')"
17,17,"('', '/wiki/Datei:Gemarkung_Gittersee_in_Dresden.svg')","('0214', None)","('Gittersee', '/wiki/Gittersee')","('107', None)","('988', None)","('1945', None)","('', '/wiki/Datei:Gitterseer_Friedhof.jpg')","('Gittersee', '/wiki/Gittersee')","('Plauen (Stadtbezirk)', '/wiki/Plauen_(Stadtbezirk)')"
18,18,"('', '/wiki/Datei:Gemarkung_G%C3%B6nnsdorf_in_Dresden.svg')","('3024', None)","('Gönnsdorf', '/wiki/G%C3%B6nnsdorf')","('115', None)","('891', None)","('1999', None)","('', '/wiki/Datei:G%C3%B6nnsdorf.JPG')","('Gönnsdorf', '/wiki/G%C3%B6nnsdorf')","('Schönfeld-Weißig (Ortschaft)', '/wiki/Sch%C3%B6nfeld-Wei%C3%9Fig')"
19,19,"('', '/wiki/Datei:Gemarkung_Gomlitz_in_Dresden.svg')","('3084', None)","('Gomlitz', '/wiki/Gomlitz')","('220', None)","('753', None)","('1999', None)","('', '/wiki/Datei:Altgomlitz.JPG')","('Gomlitz', '/wiki/Gomlitz')","('Weixdorf (Ortschaft)', '/wiki/Weixdorf_(Ortschaft)')"
20,20,"('', '/wiki/Datei:Gemarkung_Gompitz_in_Dresden.svg')","('3025', None)","('Gompitz', '/wiki/Gompitz_(Ortsteil)')","('135', None)","('517', None)","('1999', None)","('', '/wiki/Datei:Gompitz_2.jpg')","('Gompitz', '/wiki/Gompitz_(Ortsteil)')","('Gompitz (Ortschaft)', '/wiki/Gompitz_(Ortschaft)')"
21,21,"('', '/wiki/Datei:Gemarkung_Gorbitz_in_Dresden.svg')","('0215', None)","('Gorbitz', '/wiki/Gorbitz')","('318', None)","('1334', None)","('1921', None)","('', '/wiki/Datei:Bundesarchiv_Bild_183-1987-0212-010,_Dresden,_Neubaugebiet_Gorbitz,_Wohnblocks,_Winter.jpg')","('Gorbitz', '/wiki/Gorbitz')","('Cotta (Stadtbezirk)', '/wiki/Cotta_(Stadtbezirk)')"
22,22,"('', '/wiki/Datei:Gemarkung_Gostritz_in_Dresden.svg')","('0216', None)","('Gostritz', '/wiki/Gostritz')","('117', None)","('317', None)","('1921', None)","('', '/wiki/Datei:Gostritz_2.jpg')","('Gostritz', '/wiki/Gostritz')","('Plauen (Stadtbezirk)', '/wiki/Plauen_(Stadtbezirk)')"
23,23,"('', '/wiki/Datei:Gemarkung_Gro%C3%9Fluga_in_Dresden.svg')","('0217', None)","('Großluga', '/wiki/Luga_(Dresden)')","('158', None)","('442', None)","('1950', None)","('', '/wiki/Datei:Gro%C3%9Fluga_1.jpg')","('Luga', '/wiki/Luga_(Dresden)')","('Prohlis (Stadtbezirk), Leuben (Stadtbezirk)', '/wiki/Prohlis_(Stadtbezirk)')"
24,24,"('', '/wiki/Datei:Gemarkung_Gro%C3%9Fzschachwitz_in_Dresden.svg')","('0218', None)","('Großzschachwitz', '/wiki/Gro%C3%9Fzschachwitz')","('82', None)","('422', None)","('1950', None)","('', '/wiki/Datei:Gro%C3%9Fzschachwitz_1.jpg')","('Großzschachwitz', '/wiki/Gro%C3%9Fzschachwitz')","('Leuben (Stadtbezirk)', '/wiki/Leuben_(Stadtbezirk)')"
25,25,"('', '/wiki/Datei:Gemarkung_Gruna_in_Dresden.svg')","('0219', None)","('Gruna', '/wiki/Gruna_(Dresden)')","('132', None)","('720', None)","('1901', None)","('', '/wiki/Datei:Dresden_Gruna_St%C3%BCbelallee.jpg')","('Gruna', '/wiki/Gruna_(Dresden)')","('Blasewitz (Stadtbezirk)', '/wiki/Blasewitz_(Stadtbezirk)')"
26,26,"('', '/wiki/Datei:Gemarkung_Helfenberg_in_Dresden.svg')","('3070', None)","('Helfenberg', '/wiki/Helfenberg_(Dresden)')","('298', None)","('683', None)","('1999', None)","('', '/wiki/Datei:Herrenhaus_Helfenberg.jpg')","('Eichbusch, Helfenberg, Rockau', '/wiki/Eichbusch_(Dresden)')","('Schönfeld-Weißig (Ortschaft)', '/wiki/Sch%C3%B6nfeld-Wei%C3%9Fig')"
27,27,"('', '/wiki/Datei:Gemarkung_Hellerau_in_Dresden.svg')","('0220', None)","('Hellerau', '/wiki/Hellerau')","('555', None)","('2868', None)","('1950', None)","('', '/wiki/Datei:Dresden_Hellerau_Festspielhaus_0906.jpg')","('Hellerau, Rähnitz', '/wiki/Hellerau')","('Klotzsche (Stadtbezirk)', '/wiki/Klotzsche_(Stadtbezirk)')"
28,28,"('', '/wiki/Datei:Gemarkung_Hellerberge_in_Dresden.svg')","('0221', None)","('Hellerberge', '/wiki/Heller_(Dresden)')","('693', None)","('307', None)","('1949', None)","('', '/wiki/Datei:Hellersiedlung.JPG')","('Hellerberge', '/wiki/Heller_(Dresden)')","('Klotzsche (Stadtbezirk), Neustadt (Stadtbezirk), Pieschen (Stadtbezirk)', '/wiki/Klotzsche_(Stadtbezirk)')"
29,29,"('', '/wiki/Datei:Gemarkung_Hosterwitz_in_Dresden.svg')","('0222', None)","('Hosterwitz', '/wiki/Hosterwitz')","('186', None)","('515', None)","('1950', None)","('', '/wiki/Datei:Maria_am_Wasser_in_Hosterwitz.jpg')","('Hosterwitz', '/wiki/Hosterwitz')","('Loschwitz (Stadtbezirk)', '/wiki/Loschwitz_(Stadtbezirk)')"
30,30,"('', '/wiki/Datei:Gemarkung_Kaditz_in_Dresden.svg')","('0223', None)","('Kaditz', '/wiki/Kaditz')","('487', None)","('2280', None)","('1903', None)","('', '/wiki/Datei:Dresden_Emmauskirche_Kaditz_2.jpg')","('Kaditz', '/wiki/Kaditz')","('Pieschen (Stadtbezirk)', '/wiki/Pieschen_(Stadtbezirk)')"
31,31,"('', '/wiki/Datei:Gemarkung_Kaitz_in_Dresden.svg')","('0225', None)","('Kaitz', '/wiki/Kaitz')","('113', None)","('421', None)","('1921', None)","('', '/wiki/Datei:Possendorfer_Stra%C3%9Fe_in_Kaitz_(216).jpg')","('Kaitz', '/wiki/Kaitz')","('Plauen (Stadtbezirk)', '/wiki/Plauen_(Stadtbezirk)')"
32,32,"('', '/wiki/Datei:Gemarkung_Kauscha_in_Dresden.svg')","('3742', None)","('Kauscha', '/wiki/Kauscha')","('186', None)","('326', None)","('1999', None)","('', '/wiki/Datei:Stiel-Eiche_Kauscha.jpg')","('Kauscha', '/wiki/Kauscha')","('Prohlis (Stadtbezirk)', '/wiki/Prohlis_(Stadtbezirk)')"
33,33,"('', '/wiki/Datei:Gemarkung_Kemnitz_in_Dresden.svg')","('0226', None)","('Kemnitz', '/wiki/Kemnitz_(Dresden)')","('102', None)","('533', None)","('1921', None)","('', '/wiki/Datei:Kemnitz_1.jpg')","('Kemnitz', '/wiki/Kemnitz_(Dresden)')","('Cotta (Stadtbezirk)', '/wiki/Cotta_(Stadtbezirk)')"
34,34,"('', '/wiki/Datei:Gemarkung_Kleinluga_in_Dresden.svg')","('0227', None)","('Kleinluga', '/wiki/Luga_(Dresden)')","('45', None)","('110', None)","('1950', None)","('', '/wiki/Datei:Luthereiche_Kleinluga.jpg')","('Luga', '/wiki/Luga_(Dresden)')","('Prohlis (Stadtbezirk)', '/wiki/Prohlis_(Stadtbezirk)')"
35,35,"('', '/wiki/Datei:Gemarkung_Kleinpestitz_in_Dresden.svg')","('0228', None)","('Kleinpestitz', '/wiki/Kleinpestitz')","('79', None)","('555', None)","('1921', None)","('', '/wiki/Datei:Kleinpestitz.jpg')","('Kleinpestitz', '/wiki/Kleinpestitz')","('Plauen (Stadtbezirk)', '/wiki/Plauen_(Stadtbezirk)')"
36,36,"('', '/wiki/Datei:Gemarkung_Kleinzschachwitz_in_Dresden.svg')","('0229', None)","('Kleinzschachwitz', '/wiki/Kleinzschachwitz')","('117', None)","('889', None)","('1921', None)","('', '/wiki/Datei:Putjatinhaus_Dresden_Kleinzschachwitz.jpg')","('Kleinzschachwitz', '/wiki/Kleinzschachwitz')","('Leuben (Stadtbezirk)', '/wiki/Leuben_(Stadtbezirk)')"
37,37,"('', '/wiki/Datei:Gemarkung_Klotzsche_in_Dresden.svg')","('0230', None)","('Klotzsche', '/wiki/Klotzsche')","('866', None)","('2982', None)","('1950', None)","('', '/wiki/Datei:DRS_Terminal_1.JPG')","('Klotzsche', '/wiki/Klotzsche')","('Klotzsche (Stadtbezirk), Neustadt (Stadtbezirk), Weixdorf (Ortschaft)', '/wiki/Klotzsche_(Stadtbezirk)')"
38,38,"('', '/wiki/Datei:Gemarkung_Krieschendorf_in_Dresden.svg')","('3041', None)","('Krieschendorf', '/wiki/Krieschendorf')","('89', None)","('165', None)","('1999', None)","('', '/wiki/Datei:Krieschendorf.jpg')","('Krieschendorf', '/wiki/Krieschendorf')","('Schönfeld-Weißig (Ortschaft)', '/wiki/Sch%C3%B6nfeld-Wei%C3%9Fig')"
39,39,"('', '/wiki/Datei:Gemarkung_Langebr%C3%BCck_in_Dresden.svg')","('3036', None)","('Langebrück', '/wiki/Langebr%C3%BCck')","('696', None)","('2418', None)","('1999', None)","('', '/wiki/Datei:Langebrueck_Unterdorf_Dorfteich.jpg')","('Langebrück', '/wiki/Langebr%C3%BCck')","('Langebrück (Ortschaft)', '/wiki/Langebr%C3%BCck')"
40,40,"('', '/wiki/Datei:Gemarkung_Laubegast_in_Dresden.svg')","('0231', None)","('Laubegast', '/wiki/Laubegast')","('191', None)","('1281', None)","('1921', None)","('', '/wiki/Datei:Laubegast_20060623.jpg')","('Laubegast', '/wiki/Laubegast')","('Leuben (Stadtbezirk)', '/wiki/Leuben_(Stadtbezirk)')"
41,41,"('', '/wiki/Datei:Gemarkung_Lausa_in_Dresden.svg')","('3085', None)","('Lausa', '/wiki/Lausa_(Dresden)')","('586', None)","('2383', None)","('1999', None)","('', '/wiki/Datei:Lausa_Zentrum.JPG')","('Friedersdorf, Lausa', '/wiki/Friedersdorf_(Dresden)')","('Weixdorf (Ortschaft), Klotzsche (Stadtbezirk)', '/wiki/Weixdorf_(Ortschaft)')"
42,42,"('', '/wiki/Datei:Gemarkung_Leuben_in_Dresden.svg')","('0232', None)","('Leuben', '/wiki/Leuben')","('245', None)","('939', None)","('1921', None)","('', '/wiki/Datei:Dresden_Staatsoperette_2008.jpg')","('Leuben', '/wiki/Leuben')","('Leuben (Stadtbezirk)', '/wiki/Leuben_(Stadtbezirk)')"
43,43,"('', '/wiki/Datei:Gemarkung_Leubnitz-Neuostra_in_Dresden.svg')","('0233', None)","('Leubnitz-Neuostra', '/wiki/Leubnitz-Neuostra')","('290', None)","('2008', None)","('1921', None)","('', '/wiki/Datei:Kirche_Leubnitz.jpg')","('Leubnitz-Neuostra', '/wiki/Leubnitz-Neuostra')","('Prohlis (Stadtbezirk)', '/wiki/Prohlis_(Stadtbezirk)')"
44,44,"('', '/wiki/Datei:Gemarkung_Leuteritz_in_Dresden.svg')","('3010', None)","('Leuteritz', '/wiki/Alt-Leuteritz')","('108', None)","('177', None)","('1999', None)","('', '/wiki/Datei:Dresden_Altleuteritz.jpg')","('Alt-Leuteritz', '/wiki/Alt-Leuteritz')","('Mobschatz (Ortschaft)', '/wiki/Mobschatz_(Ortschaft)')"
45,45,"('', '/wiki/Datei:Gemarkung_Leutewitz_in_Dresden.svg')","('0234', None)","('Leutewitz', '/wiki/Leutewitz_(Dresden)')","('63', None)","('393', None)","('1921', None)","('', '/wiki/Datei:Fotothek_df_rp-c_0470064_Dresden-Leutewitz._Leutewitzer_Windm%C3%BChle,_Turmholl%C3%A4nder,_Baujahr_1839,_Steinbach.jpg')","('Leutewitz', '/wiki/Leutewitz_(Dresden)')","('Cotta (Stadtbezirk)', '/wiki/Cotta_(Stadtbezirk)')"
46,46,"('', '/wiki/Datei:Gemarkung_Lockwitz_in_Dresden.svg')","('0235', None)","('Lockwitz', '/wiki/Lockwitz')","('388', None)","('1670', None)","('1930', None)","('', '/wiki/Datei:Lockwitztalbr%C3%BCcke.jpg')","('Lockwitz', '/wiki/Lockwitz')","('Prohlis (Stadtbezirk)', '/wiki/Prohlis_(Stadtbezirk)')"
47,47,"('', '/wiki/Datei:Gemarkung_L%C3%B6btau_in_Dresden.svg')","('0236', None)","('Löbtau', '/wiki/L%C3%B6btau')","('200', None)","('1450', None)","('1903', None)","('', '/wiki/Datei:L%C3%B6btau_Stra%C3%9Fenzug.JPG')","('Löbtau', '/wiki/L%C3%B6btau')","('Cotta (Stadtbezirk)', '/wiki/Cotta_(Stadtbezirk)')"
48,48,"('', '/wiki/Datei:Gemarkung_Loschwitz_in_Dresden.svg')","('0237', None)","('Loschwitz', '/wiki/Loschwitz')","('390', None)","('2219', None)","('1921', None)","('', '/wiki/Datei:Loschwitz_Dresden.jpg')","('Loschwitz', '/wiki/Loschwitz')","('Loschwitz (Stadtbezirk), Neustadt (Stadtbezirk)', '/wiki/Loschwitz_(Stadtbezirk)')"
49,49,"('', '/wiki/Datei:Gemarkung_Malschendorf_in_Dresden.svg')","('3040', None)","('Malschendorf', '/wiki/Malschendorf')","('116', None)","('406', None)","('1999', None)","('', '/wiki/Datei:Malschendorf_von_Eichbusch_aus.jpg')","('Malschendorf', '/wiki/Malschendorf')","('Schönfeld-Weißig (Ortschaft)', '/wiki/Sch%C3%B6nfeld-Wei%C3%9Fig')"
50,50,"('', '/wiki/Datei:Gemarkung_Marsdorf_in_Dresden.svg')","('3086', None)","('Marsdorf', '/wiki/Marsdorf_(Dresden)')","('500', None)","('979', None)","('1999', None)","('', '/wiki/Datei:Marsdorf_DD.jpg')","('Marsdorf', '/wiki/Marsdorf_(Dresden)')","('Weixdorf (Ortschaft)', '/wiki/Weixdorf_(Ortschaft)')"
51,51,"('', '/wiki/Datei:Gemarkung_Merbitz_in_Dresden.svg')","('3011', None)","('Merbitz', '/wiki/Merbitz_(Dresden)')","('121', None)","('301', None)","('1999', None)","('', '/wiki/Datei:Dresden_Merbitz_Merbitzer_Hof.jpg')","('Merbitz', '/wiki/Merbitz_(Dresden)')","('Mobschatz (Ortschaft)', '/wiki/Mobschatz_(Ortschaft)')"
52,52,"('', '/wiki/Datei:Gemarkung_Meu%C3%9Flitz_in_Dresden.svg')","('0238', None)","('Meußlitz', '/wiki/Meu%C3%9Flitz')","('111', None)","('958', None)","('1950', None)","('', '/wiki/Datei:Meu%C3%9Flitz.jpg')","('Meußlitz', '/wiki/Meu%C3%9Flitz')","('Leuben (Stadtbezirk)', '/wiki/Leuben_(Stadtbezirk)')"
53,53,"('', '/wiki/Datei:Gemarkung_Mickten_in_Dresden.svg')","('0239', None)","('Mickten', '/wiki/Mickten')","('199', None)","('1487', None)","('1903', None)","('', '/wiki/Datei:Dresden_Altmickten_2.jpg')","('Mickten', '/wiki/Mickten')","('Pieschen (Stadtbezirk)', '/wiki/Pieschen_(Stadtbezirk)')"
54,54,"('', '/wiki/Datei:Gemarkung_Mobschatz_in_Dresden.svg')","('3043', None)","('Mobschatz', '/wiki/Mobschatz_(Ortsteil)')","('152', None)","('557', None)","('1999', None)","('', '/wiki/Datei:Mobschatz.jpg')","('Mobschatz', '/wiki/Mobschatz_(Ortsteil)')","('Mobschatz (Ortschaft)', '/wiki/Mobschatz_(Ortschaft)')"
55,55,"('', '/wiki/Datei:Gemarkung_Mockritz_in_Dresden.svg')","('0240', None)","('Mockritz', '/wiki/Mockritz_(Dresden)')","('170', None)","('1152', None)","('1921', None)","('', '/wiki/Datei:Mockritz.jpg')","('Mockritz', '/wiki/Mockritz_(Dresden)')","('Plauen (Stadtbezirk), Prohlis (Stadtbezirk)', '/wiki/Plauen_(Stadtbezirk)')"
56,56,"('', '/wiki/Datei:Gemarkung_Nau%C3%9Flitz_in_Dresden.svg')","('0241', None)","('Naußlitz', '/wiki/Nau%C3%9Flitz_(Dresden)')","('127', None)","('1038', None)","('1903', None)","('', '/wiki/Datei:Kaiserhof_Nau%C3%9Flitz.jpg')","('Naußlitz', '/wiki/Nau%C3%9Flitz_(Dresden)')","('Cotta (Stadtbezirk)', '/wiki/Cotta_(Stadtbezirk)')"
57,57,"('', '/wiki/Datei:Gemarkung_Neustadt_in_Dresden.svg')","('0212', None)","('Neustadt', '/wiki/Neustadt_(Gemarkung)')","('1572', None)","('5125', None)","('1549[2]', '#cite_note-2')","('', '/wiki/Datei:Goldener_Reiter_Dresden_Germany.JPG')","('Albertstadt, Äußere Neustadt, Innere Neustadt, Leipziger Vorstadt, Radeberger Vorstadt', '/wiki/Albertstadt')","('Neustadt (Stadtbezirk), Klotzsche (Stadtbezirk), Loschwitz (Stadtbezirk), Pieschen (Stadtbezirk)', '/wiki/Neustadt_(Stadtbezirk)')"
58,58,"('', '/wiki/Datei:Gemarkung_Nickern_in_Dresden.svg')","('0242', None)","('Nickern', '/wiki/Nickern')","('166', None)","('1086', None)","('1930', None)","('', '/wiki/Datei:Schloss_Nickern.jpg')","('Nickern', '/wiki/Nickern')","('Prohlis (Stadtbezirk)', '/wiki/Prohlis_(Stadtbezirk)')"
59,59,"('', '/wiki/Datei:Gemarkung_Niedergohlis_in_Dresden.svg')","('3015', None)","('Niedergohlis', '/wiki/Gohlis_(Dresden)')","('185', None)","('480', None)","('1997', None)","('', '/wiki/Datei:Niedergohlis.jpg')","('Gohlis', '/wiki/Gohlis_(Dresden)')","('Cossebaude (Ortschaft)', '/wiki/Cossebaude_(Ortschaft)')"
60,60,"('', '/wiki/Datei:Gemarkung_Niederpoyritz_in_Dresden.svg')","('0243', None)","('Niederpoyritz', '/wiki/Niederpoyritz')","('72', None)","('448', None)","('1950', None)","('', '/wiki/Datei:Clp_20080418_Niederpoyritz.jpg')","('Niederpoyritz', '/wiki/Niederpoyritz')","('Loschwitz (Stadtbezirk)', '/wiki/Loschwitz_(Stadtbezirk)')"
61,61,"('', '/wiki/Datei:Gemarkung_Niedersedlitz_in_Dresden.svg')","('0244', None)","('Niedersedlitz', '/wiki/Niedersedlitz')","('299', None)","('1735', None)","('1950', None)","('', '/wiki/Datei:Rathaus_Niedersedlitz.jpg')","('Niedersedlitz', '/wiki/Niedersedlitz')","('Prohlis (Stadtbezirk), Leuben (Stadtbezirk)', '/wiki/Prohlis_(Stadtbezirk)')"
62,62,"('', '/wiki/Datei:Gemarkung_Niederwartha_in_Dresden.svg')","('3016', None)","('Niederwartha', '/wiki/Niederwartha')","('193', None)","('373', None)","('1997', None)","('', '/wiki/Datei:Niederwartha-Kraftwerk.jpg')","('Niederwartha', '/wiki/Niederwartha')","('Cossebaude (Ortschaft)', '/wiki/Cossebaude_(Ortschaft)')"
63,63,"('', '/wiki/Datei:Gemarkung_Obergohlis_in_Dresden.svg')","('3017', None)","('Obergohlis', '/wiki/Gohlis_(Dresden)')","('153', None)","('509', None)","('1997', None)","('', '/wiki/Datei:Gohliser_Windmuehle.jpg')","('Gohlis', '/wiki/Gohlis_(Dresden)')","('Cossebaude (Ortschaft)', '/wiki/Cossebaude_(Ortschaft)')"
64,64,"('', '/wiki/Datei:Gemarkung_Oberpoyritz_in_Dresden.svg')","('0245', None)","('Oberpoyritz', '/wiki/Oberpoyritz')","('147', None)","('503', None)","('1950', None)","('', '/wiki/Datei:Rysselkuppe_Oberpoyritz.JPG')","('Oberpoyritz', '/wiki/Oberpoyritz')","('Loschwitz (Stadtbezirk)', '/wiki/Loschwitz_(Stadtbezirk)')"
65,65,"('', '/wiki/Datei:Gemarkung_Oberwartha_in_Dresden.svg')","('3046', None)","('Oberwartha', '/wiki/Oberwartha')","('204', None)","('353', None)","('1997', None)","('', '/wiki/Datei:Dorflinde_Oberwartha.jpg')","('Oberwartha', '/wiki/Oberwartha')","('Oberwartha (Ortschaft)', '/wiki/Oberwartha')"
66,66,"('', '/wiki/Datei:Gemarkung_Ockerwitz_in_Dresden.svg')","('3047', None)","('Ockerwitz', '/wiki/Ockerwitz')","('147', None)","('460', None)","('1999', None)","('', '/wiki/Datei:Ockerwitz.jpg')","('Ockerwitz', '/wiki/Ockerwitz')","('Gompitz (Ortschaft)', '/wiki/Gompitz_(Ortschaft)')"
67,67,"('', '/wiki/Datei:Gemarkung_Omsewitz_in_Dresden.svg')","('0246', None)","('Omsewitz', '/wiki/Omsewitz')","('214', None)","('940', None)","('1930', None)","('', '/wiki/Datei:Altomsewitz.jpg')","('Burgstädtel, Omsewitz', '/wiki/Burgst%C3%A4dtel_(Dresden)')","('Cotta (Stadtbezirk)', '/wiki/Cotta_(Stadtbezirk)')"
68,68,"('', '/wiki/Datei:Gemarkung_Pappritz_in_Dresden.svg')","('3053', None)","('Pappritz', '/wiki/Pappritz_(Dresden)')","('149', None)","('1254', None)","('1999', None)","('', '/wiki/Datei:FFW_Pappritz.jpg')","('Pappritz', '/wiki/Pappritz_(Dresden)')","('Schönfeld-Weißig (Ortschaft)', '/wiki/Sch%C3%B6nfeld-Wei%C3%9Fig')"
69,69,"('', '/wiki/Datei:Gemarkung_Pennrich_in_Dresden.svg')","('3026', None)","('Pennrich', '/wiki/Pennrich')","('200', None)","('568', None)","('1999', None)","('', '/wiki/Datei:Pennrich.jpg')","('Pennrich', '/wiki/Pennrich')","('Gompitz (Ortschaft)', '/wiki/Gompitz_(Ortschaft)')"
70,70,"('', '/wiki/Datei:Gemarkung_Pieschen_in_Dresden.svg')","('0247', None)","('Pieschen', '/wiki/Pieschen')","('224', None)","('1777', None)","('1897', None)","('', '/wiki/Datei:Dresden_Rathaus_Pieschen.jpg')","('Pieschen', '/wiki/Pieschen')","('Pieschen (Stadtbezirk)', '/wiki/Pieschen_(Stadtbezirk)')"
71,71,"('', '/wiki/Datei:Gemarkung_Pillnitz_in_Dresden.svg')","('0248', None)","('Pillnitz', '/wiki/Pillnitz')","('477', None)","('665', None)","('1950', None)","('', '/wiki/Datei:Pillnitz-Wasseransicht.jpg')","('Pillnitz', '/wiki/Pillnitz')","('Loschwitz (Stadtbezirk)', '/wiki/Loschwitz_(Stadtbezirk)')"
72,72,"('', '/wiki/Datei:Gemarkung_Plauen_in_Dresden.svg')","('0249', None)","('Plauen', '/wiki/Plauen_(Dresden)')","('203', None)","('1316', None)","('1903', None)","('', '/wiki/Datei:Dresden-Plauen-Rathaus.jpg')","('Plauen', '/wiki/Plauen_(Dresden)')","('Plauen (Stadtbezirk), Cotta (Stadtbezirk)', '/wiki/Plauen_(Stadtbezirk)')"
73,73,"('', '/wiki/Datei:Gemarkung_Podemus_in_Dresden.svg')","('3012', None)","('Podemus', '/wiki/Podemus')","('208', None)","('167', None)","('1999', None)","('', '/wiki/Datei:Podemus_Downtown.jpg')","('Podemus', '/wiki/Podemus')","('Mobschatz (Ortschaft)', '/wiki/Mobschatz_(Ortschaft)')"
74,74,"('', '/wiki/Datei:Gemarkung_Prohlis_in_Dresden.svg')","('0250', None)","('Prohlis', '/wiki/Prohlis')","('190', None)","('522', None)","('1921', None)","('', '/wiki/Datei:Prohlis.jpg')","('Prohlis', '/wiki/Prohlis')","('Prohlis (Stadtbezirk)', '/wiki/Prohlis_(Stadtbezirk)')"
75,75,"('', '/wiki/Datei:Gemarkung_R%C3%A4cknitz_in_Dresden.svg')","('0251', None)","('Räcknitz', '/wiki/R%C3%A4cknitz')","('119', None)","('313', None)","('1902', None)","('', '/wiki/Datei:Bundesarchiv_Bild_183-38600-0007,_Dresden,_Technische_Hochschule.jpg')","('Räcknitz', '/wiki/R%C3%A4cknitz')","('Plauen (Stadtbezirk)', '/wiki/Plauen_(Stadtbezirk)')"
76,76,"('', '/wiki/Datei:Gemarkung_Reick_in_Dresden.svg')","('0252', None)","('Reick', '/wiki/Reick')","('210', None)","('694', None)","('1913', None)","('', '/wiki/Datei:Dresden-Panometer.jpg')","('Reick', '/wiki/Reick')","('Prohlis (Stadtbezirk), Blasewitz (Stadtbezirk), Leuben (Stadtbezirk)', '/wiki/Prohlis_(Stadtbezirk)')"
77,77,"('', '/wiki/Datei:Gemarkung_Reitzendorf_in_Dresden.svg')","('3073', None)","('Reitzendorf', '/wiki/Reitzendorf_(Dresden)')","('207', None)","('462', None)","('1999', None)","('', '/wiki/Datei:Kleinbauernmuseum_Reitzendorf.JPG')","('Reitzendorf', '/wiki/Reitzendorf_(Dresden)')","('Schönfeld-Weißig (Ortschaft)', '/wiki/Sch%C3%B6nfeld-Wei%C3%9Fig')"
78,78,"('', '/wiki/Datei:Gemarkung_Rennersdorf_in_Dresden.svg')","('3013', None)","('Rennersdorf', '/wiki/Rennersdorf_(Dresden)')","('95', None)","('210', None)","('1999', None)","('', '/wiki/Datei:Rennersdorf_DD.jpg')","('Rennersdorf', '/wiki/Rennersdorf_(Dresden)')","('Mobschatz (Ortschaft)', '/wiki/Mobschatz_(Ortschaft)')"
79,79,"('', '/wiki/Datei:Gemarkung_Rochwitz_in_Dresden.svg')","('0253', None)","('Rochwitz', '/wiki/Rochwitz')","('197', None)","('952', None)","('1921', None)","('', '/wiki/Datei:Altrochwitz.jpg')","('Rochwitz', '/wiki/Rochwitz')","('Loschwitz (Stadtbezirk)', '/wiki/Loschwitz_(Stadtbezirk)')"
80,80,"('', '/wiki/Datei:Gemarkung_Roitzsch_in_Dresden.svg')","('3027', None)","('Roitzsch', '/wiki/Roitzsch_(Dresden)')","('99', None)","('137', None)","('1999', None)","('', '/wiki/Datei:Roitzsch_Haus.jpg')","('Roitzsch', '/wiki/Roitzsch_(Dresden)')","('Gompitz (Ortschaft)', '/wiki/Gompitz_(Ortschaft)')"
81,81,"('', '/wiki/Datei:Gemarkung_Rossendorf_in_Dresden.svg')","('3020', None)","('Rossendorf', '/wiki/Rossendorf_(Dresden)')","('396', None)","('154', None)","('1999', None)","('', '/wiki/Datei:Fz_rossendorf.jpg')","('Rossendorf', '/wiki/Rossendorf_(Dresden)')","('Schönfeld-Weißig (Ortschaft)', '/wiki/Sch%C3%B6nfeld-Wei%C3%9Fig')"
82,82,"('', '/wiki/Datei:Gemarkung_Ro%C3%9Fthal_in_Dresden.svg')","('0254', None)","('Roßthal', '/wiki/Ro%C3%9Fthal_(Dresden)')","('157', None)","('413', None)","('1945', None)","('', '/wiki/Datei:Dresden_Schloss_Ro%C3%9Fthal.jpg')","('Neunimptsch, Roßthal', '/wiki/Neunimptsch')","('Cotta (Stadtbezirk)', '/wiki/Cotta_(Stadtbezirk)')"
83,83,"('', '/wiki/Datei:Gemarkung_Sch%C3%B6nborn_in_Dresden.svg')","('3071', None)","('Schönborn', '/wiki/Sch%C3%B6nborn_(Dresden)')","('516', None)","('529', None)","('1999', None)","('', '/wiki/Datei:Kirche_Friedhof_Sch%C3%B6nborn.jpg')","('Schönborn', '/wiki/Sch%C3%B6nborn_(Dresden)')","('Schönborn (Ortschaft)', '/wiki/Sch%C3%B6nborn_(Dresden)')"
84,84,"('', '/wiki/Datei:Gemarkung_Sch%C3%B6nfeld_in_Dresden.svg')","('3072', None)","('Schönfeld', '/wiki/Sch%C3%B6nfeld_(Dresden)')","('381', None)","('1014', None)","('1999', None)","('', '/wiki/Datei:Sch%C3%B6nfeld1.jpg')","('Schönfeld', '/wiki/Sch%C3%B6nfeld_(Dresden)')","('Schönfeld-Weißig (Ortschaft)', '/wiki/Sch%C3%B6nfeld-Wei%C3%9Fig')"
85,85,"('', '/wiki/Datei:Gemarkung_Schullwitz_in_Dresden.svg')","('3075', None)","('Schullwitz', '/wiki/Schullwitz')","('475', None)","('786', None)","('1999', None)","('', '/wiki/Datei:Schullwitz.jpg')","('Schullwitz', '/wiki/Schullwitz')","('Schönfeld-Weißig (Ortschaft)', '/wiki/Sch%C3%B6nfeld-Wei%C3%9Fig')"
86,86,"('', '/wiki/Datei:Gemarkung_Seidnitz_in_Dresden.svg')","('0255', None)","('Seidnitz', '/wiki/Seidnitz')","('279', None)","('914', None)","('1902', None)","('', '/wiki/Datei:Pferderennbahn_Seidnitz.jpg')","('Seidnitz', '/wiki/Seidnitz')","('Blasewitz (Stadtbezirk)', '/wiki/Blasewitz_(Stadtbezirk)')"
87,87,"('', '/wiki/Datei:Gemarkung_S%C3%B6brigen_in_Dresden.svg')","('0256', None)","('Söbrigen', '/wiki/S%C3%B6brigen')","('26', None)","('165', None)","('1950', None)","('', '/wiki/Datei:S%C3%B6brigen.jpg')","('Söbrigen', '/wiki/S%C3%B6brigen')","('Loschwitz (Stadtbezirk)', '/wiki/Loschwitz_(Stadtbezirk)')"
88,88,"('', '/wiki/Datei:Gemarkung_Sporbitz_in_Dresden.svg')","('0257', None)","('Sporbitz', '/wiki/Sporbitz')","('101', None)","('324', None)","('1950', None)","('', '/wiki/Datei:Sporbitz.jpg')","('Sporbitz', '/wiki/Sporbitz')","('Leuben (Stadtbezirk), Prohlis (Stadtbezirk)', '/wiki/Leuben_(Stadtbezirk)')"
89,89,"('', '/wiki/Datei:Gemarkung_Steinbach_in_Dresden.svg')","('3028', None)","('Steinbach', '/wiki/Steinbach_(Dresden)')","('156', None)","('162', None)","('1999', None)","('', '/wiki/Datei:Steinbach_(Dresden).jpg')","('Steinbach', '/wiki/Steinbach_(Dresden)')","('Gompitz (Ortschaft)', '/wiki/Gompitz_(Ortschaft)')"
90,90,"('', '/wiki/Datei:Gemarkung_Stetzsch_in_Dresden.svg')","('0258', None)","('Stetzsch', '/wiki/Stetzsch')","('148', None)","('686', None)","('1921', None)","('', '/wiki/Datei:Altstetzsch.jpg')","('Stetzsch', '/wiki/Stetzsch')","('Cotta (Stadtbezirk)', '/wiki/Cotta_(Stadtbezirk)')"
91,91,"('', '/wiki/Datei:Gemarkung_Strehlen_in_Dresden.svg')","('0259', None)","('Strehlen', '/wiki/Strehlen_(Dresden)')","('366', None)","('1971', None)","('1892', None)","('', '/wiki/Datei:Strehlen_Christuskirche_Au%C3%9Fenansicht.jpg')","('Strehlen', '/wiki/Strehlen_(Dresden)')","('Prohlis (Stadtbezirk), Altstadt (Stadtbezirk), Blasewitz (Stadtbezirk), Plauen (Stadtbezirk)', '/wiki/Prohlis_(Stadtbezirk)')"
92,92,"('', '/wiki/Datei:Gemarkung_Striesen_in_Dresden.svg')","('0260', None)","('Striesen', '/wiki/Striesen')","('321', None)","('2218', None)","('1892', None)","('', '/wiki/Datei:Pentacon-Gebaeude.jpg')","('Striesen', '/wiki/Striesen')","('Blasewitz (Stadtbezirk)', '/wiki/Blasewitz_(Stadtbezirk)')"
93,93,"('', '/wiki/Datei:Gemarkung_Tolkewitz_in_Dresden.svg')","('0261', None)","('Tolkewitz', '/wiki/Tolkewitz')","('189', None)","('522', None)","('1912', None)","('', '/wiki/Datei:Dresden_krematorium1.JPG')","('Tolkewitz', '/wiki/Tolkewitz')","('Blasewitz (Stadtbezirk), Leuben (Stadtbezirk)', '/wiki/Blasewitz_(Stadtbezirk)')"
94,94,"('', '/wiki/Datei:Gemarkung_Torna_in_Dresden.svg')","('0262', None)","('Torna', '/wiki/Torna_(Dresden)')","('54', None)","('229', None)","('1921', None)","('', '/wiki/Datei:Alttorna.jpg')","('Torna', '/wiki/Torna_(Dresden)')","('Prohlis (Stadtbezirk)', '/wiki/Prohlis_(Stadtbezirk)')"
95,95,"('', '/wiki/Datei:Gemarkung_Trachau_in_Dresden.svg')","('0263', None)","('Trachau', '/wiki/Trachau')","('399', None)","('1619', None)","('1903', None)","('', '/wiki/Datei:Dresden_Gro%C3%9Fsiedlung_Trachau_2.jpg')","('Trachau', '/wiki/Trachau')","('Pieschen (Stadtbezirk)', '/wiki/Pieschen_(Stadtbezirk)')"
96,96,"('', '/wiki/Datei:Gemarkung_Trachenberge_in_Dresden.svg')","('0264', None)","('Trachenberge', '/wiki/Trachenberge')","('119', None)","('456', None)","('1897', None)","('', '/wiki/Datei:Dresden_Weinbergskirche.jpg')","('Trachenberge', '/wiki/Trachenberge')","('Pieschen (Stadtbezirk), Klotzsche (Stadtbezirk)', '/wiki/Pieschen_(Stadtbezirk)')"
97,97,"('', '/wiki/Datei:Gemarkung_%C3%9Cbigau_in_Dresden.svg')","('0265', None)","('Übigau', '/wiki/%C3%9Cbigau')","('94', None)","('333', None)","('1903', None)","('', '/wiki/Datei:Schloss_%C3%9Cbigau_Gartenfassade.JPG')","('Übigau', '/wiki/%C3%9Cbigau')","('Pieschen (Stadtbezirk)', '/wiki/Pieschen_(Stadtbezirk)')"
98,98,"('', '/wiki/Datei:Gemarkung_Unkersdorf_in_Dresden.svg')","('3029', None)","('Unkersdorf', '/wiki/Unkersdorf')","('317', None)","('353', None)","('1999', None)","('', '/wiki/Datei:Kirche_Unkersdorf_(cropped).jpg')","('Unkersdorf', '/wiki/Unkersdorf')","('Gompitz (Ortschaft)', '/wiki/Gompitz_(Ortschaft)')"
99,99,"('', '/wiki/Datei:Gemarkung_Wachwitz_in_Dresden.svg')","('0266', None)","('Wachwitz', '/wiki/Wachwitz')","('160', None)","('695', None)","('1930', None)","('', '/wiki/Datei:Wachwitz_Elbe_01.jpg')","('Wachwitz', '/wiki/Wachwitz')","('Loschwitz (Stadtbezirk)', '/wiki/Loschwitz_(Stadtbezirk)')"
100,100,"('', '/wiki/Datei:Gemarkung_Wei%C3%9Fer_Hirsch_in_Dresden.svg')","('0267', None)","('Weißer Hirsch', '/wiki/Wei%C3%9Fer_Hirsch')","('86', None)","('377', None)","('1921', None)","('', '/wiki/Datei:Wei%C3%9Fer_Hirsch_Bautznerstr_1900.jpg')","('Weißer Hirsch', '/wiki/Wei%C3%9Fer_Hirsch')","('Loschwitz (Stadtbezirk)', '/wiki/Loschwitz_(Stadtbezirk)')"
101,101,"('', '/wiki/Datei:Gemarkung_Wei%C3%9Fig_in_Dresden.svg')","('3082', None)","('Weißig', '/wiki/Wei%C3%9Fig_(Dresden)')","('704', None)","('2973', None)","('1999', None)","('', '/wiki/Datei:Wei%C3%9Fig_Siedlung.jpg')","('Weißig', '/wiki/Wei%C3%9Fig_(Dresden)')","('Schönfeld-Weißig (Ortschaft)', '/wiki/Sch%C3%B6nfeld-Wei%C3%9Fig')"
102,102,"('', '/wiki/Datei:Gemarkung_Weixdorf_in_Dresden.svg')","('3083', None)","('Weixdorf', '/wiki/Weixdorf_(Ortsteil)')","('247', None)","('961', None)","('1999', None)","('', '/wiki/Datei:Altweixdorf.JPG')","('Weixdorf', '/wiki/Weixdorf_(Ortsteil)')","('Weixdorf (Ortschaft)', '/wiki/Weixdorf_(Ortschaft)')"
103,103,"('', '/wiki/Datei:Gemarkung_Wilschdorf_in_Dresden.svg')","('0268', None)","('Wilschdorf', '/wiki/Wilschdorf_(Dresden)')","('509', None)","('1608', None)","('1950', None)","('', '/wiki/Datei:Luftbild_AMD_Dresden_2005.jpg')","('Wilschdorf', '/wiki/Wilschdorf_(Dresden)')","('Klotzsche (Stadtbezirk)', '/wiki/Klotzsche_(Stadtbezirk)')"
104,104,"('', '/wiki/Datei:Gemarkung_W%C3%B6lfnitz_in_Dresden.svg')","('0269', None)","('Wölfnitz', '/wiki/W%C3%B6lfnitz_(Dresden)')","('15', None)","('159', None)","('1903', None)","('', '/wiki/Datei:W%C3%B6lfnitz_Stieglitzgrund.jpg')","('Wölfnitz', '/wiki/W%C3%B6lfnitz_(Dresden)')","('Cotta (Stadtbezirk)', '/wiki/Cotta_(Stadtbezirk)')"
105,105,"('', '/wiki/Datei:Gemarkung_Zaschendorf_in_Dresden.svg')","('3074', None)","('Zaschendorf', '/wiki/Zaschendorf_(Dresden)')","('146', None)","('286', None)","('1999', None)","('', '/wiki/Datei:Zaschendorf_1.jpg')","('Zaschendorf', '/wiki/Zaschendorf_(Dresden)')","('Schönfeld-Weißig (Ortschaft)', '/wiki/Sch%C3%B6nfeld-Wei%C3%9Fig')"
106,106,"('', '/wiki/Datei:Gemarkung_Z%C3%B6llmen_in_Dresden.svg')","('3030', None)","('Zöllmen', '/wiki/Z%C3%B6llmen')","('120', None)","('303', None)","('1999', None)","('', '/wiki/Datei:Brunnen_Z%C3%B6llmen.jpg')","('Zöllmen', '/wiki/Z%C3%B6llmen')","('Gompitz (Ortschaft)', '/wiki/Gompitz_(Ortschaft)')"
107,107,"('', '/wiki/Datei:Gemarkung_Zschertnitz_in_Dresden.svg')","('0270', None)","('Zschertnitz', '/wiki/Zschertnitz')","('85', None)","('297', None)","('1902', None)","('', '/wiki/Datei:Bundesarchiv_Bild_183-1985-0130-021,_Dresden,_Neubaugebiet_Zschertnitz,_Winter.jpg')","('Zschertnitz', '/wiki/Zschertnitz')","('Plauen (Stadtbezirk)', '/wiki/Plauen_(Stadtbezirk)')"
108,108,"('', '/wiki/Datei:Gemarkung_Zschieren_in_Dresden.svg')","('0271', None)","('Zschieren', '/wiki/Zschieren')","('269', None)","('1121', None)","('1950', None)","('', '/wiki/Datei:Zschieren.jpg')","('Zschieren', '/wiki/Zschieren')","('Leuben (Stadtbezirk)', '/wiki/Leuben_(Stadtbezirk)')"
